Algoritma,Hesaplama_Suresi_ms,Ziyaret_Edilen_Dugum,Yol_Uzunlugu_m
A*,23.0395,1759,10.7581
A*,53.9320,4481,12.0167
A*,55.8697,4578,12.1054
A*,52.3632,4198,12.1054
A*,52.6333,4198,12.1054
A*,37.9058,3254,11.9054
A*,37.9317,3229,11.7640
A*,41.3798,3214,11.6640
A*,47.3632,3226,11.5640
A*,41.9388,3215,11.4640
A*,41.9153,3198,11.3640
A*,41.4330,3197,11.2640
A*,36.0910,3166,11.0640
A*,41.0169,3172,10.9640
A*,40.4657,3156,10.8640
A*,36.6651,2930,10.7640
A*,35.7508,2895,10.6640
A*,29.2423,2474,10.5640
A*,28.7835,2343,10.3640
A*,28.8827,2331,10.3640
A*,27.4221,2296,10.1640
A*,27.0182,2268,10.0640
A*,25.9504,2249,9.9640
A*,24.4856,2100,9.6468
A*,24.6515,2097,9.6468
A*,25.7464,2066,9.5054
A*,24.3590,2047,9.3640
A*,24.0376,1991,9.2640
A*,23.9970,2001,9.2225
A*,25.1786,1969,9.0811
A*,21.8912,1897,8.9397
A*,22.9836,1897,8.9397
A*,22.8370,1840,8.7983
A*,23.0240,1783,8.6569
A*,20.7407,1721,8.5154
A*,20.8913,1721,8.5154
A*,20.4995,1674,8.3740
A*,20.0225,1603,8.2326
A*,18.8917,1544,8.1326
A*,20.4702,1492,8.0912
A*,16.9188,1393,7.9497
A*,16.0460,1318,7.8083
A*,15.2569,1294,7.8083
A*,18.2452,1466,7.8083
A*,22.5498,1908,8.0912
A*,26.2305,1995,8.0912
A*,43.2664,3658,9.7941
A*,48.8031,3716,9.8527
A*,47.3742,3764,9.8527
A*,43.5387,3770,9.9012
A*,42.9157,3669,9.8598
A*,44.4451,3604,9.9598
A*,41.4534,3563,9.9184
A*,42.4448,3447,9.7770
A*,38.6973,3335,9.6355
A*,39.2797,3261,9.5355
A*,38.3767,3161,9.4527
A*,39.2910,3093,9.4113
A*,38.1653,2995,9.3284
A*,35.3809,2933,9.2870
A*,35.5750,2806,9.1456
A*,38.2706,2734,9.1042
A*,32.8936,2644,9.0213
A*,31.3081,2560,8.9799
A*,30.2587,2489,8.9799
A*,34.6866,2838,10.0184
A*,33.8043,2836,10.0184
A*,33.1713,2840,9.8770
A*,34.3023,2840,9.8770
A*,32.0559,2760,9.6770
A*,35.2212,2759,9.6770
A*,31.9549,2666,9.4770
A*,33.8812,2620,9.3355
A*,30.6460,2507,9.0770
A*,34.1698,2509,8.9770
A*,30.1177,2473,8.8355
A*,29.8800,2403,8.6941
A*,30.0019,2365,8.5941
A*,28.2511,2333,8.5527
A*,27.5950,2267,8.4113
A*,27.3932,2217,8.3113
A*,24.6633,2111,8.1698
A*,25.0467,2061,8.0284
A*,26.3175,2061,8.0284
A*,24.5529,1974,7.8870
A*,23.9536,1929,7.7456
A*,23.5327,1864,7.6042
A*,22.7132,1854,7.5042
A*,22.8594,1795,7.3627
A*,19.7064,1722,7.2213
A*,20.2915,1662,7.1799
A*,22.2441,1640,7.0799
A*,19.5361,1563,6.9385
A*,20.3639,1476,6.7971
A*,19.7728,1468,6.8142
A*,17.3648,1363,6.6728
A*,15.7593,1254,6.5314
A*,15.1476,1254,6.5314
A*,14.6158,1115,6.4314
A*,11.7577,954,6.2899
A*,10.8838,856,6.1899
A*,9.5759,739,6.0485
A*,8.4814,582,5.8485
A*,7.2957,518,5.7485
A*,5.4848,370,5.6071
A*,4.1906,299,5.5071
A*,4.7581,303,5.4071
A*,3.7438,292,5.3071
A*,3.4793,231,5.2657
A*,2.8753,169,4.8485
A*,2.9086,169,4.8485
A*,2.4375,160,4.7485
A*,2.3326,156,4.6485
A*,2.4523,172,4.5071
A*,2.4860,168,4.4071
A*,2.4740,159,4.2071
A*,3.2820,156,4.0657
A*,2.3176,152,3.9657
A*,2.5924,148,3.8657
A*,2.1918,145,3.7657
A*,2.7893,140,3.5657
A*,2.1504,136,3.4657
A*,2.0635,132,3.3657
A*,1.9270,127,3.2657
A*,1.9242,122,3.1657
A*,2.2416,145,3.0657
A*,2.0037,125,2.9243
A*,1.9171,121,2.8243
A*,1.8458,113,2.6243
A*,1.8235,109,2.5243
A*,1.7552,114,2.4657
A*,1.7209,108,2.3657
A*,1.6366,103,2.2657
A*,1.3690,98,2.1657
A*,1.7767,93,2.0657
A*,1.3602,85,1.9243
A*,1.0834,81,1.8243
A*,1.2605,72,1.6243
A*,1.2224,67,1.5243
A*,0.9736,59,1.4657
A*,1.0055,47,1.3243
A*,0.7724,41,1.2243
A*,0.7787,29,1.0828
A*,0.5227,29,1.0828
A*,0.4527,26,0.9828
A*,0.4061,23,0.8828
A*,0.4188,21,0.7828
A*,0.3261,18,0.6828
A*,0.2778,15,0.5828
A*,0.2708,12,0.4828
A*,23.2085,1759,10.7581
A*,53.1435,4481,12.0167
A*,54.9688,4578,12.1054
A*,56.1692,4559,12.1054
A*,50.8345,4189,12.1054
A*,38.7154,3295,12.0054
A*,37.7612,3220,11.7640
A*,37.5725,3204,11.6640
A*,37.3617,3215,11.5640
A*,42.2990,3203,11.4640
A*,37.5492,3183,11.2640
A*,39.2447,3168,11.1640
A*,38.9374,3152,11.0640
A*,37.5514,3158,10.9640
A*,37.5884,3144,10.8640
A*,35.3569,2910,10.7640
A*,33.2897,2887,10.6640
A*,28.2267,2472,10.5640
A*,28.6117,2414,10.4640
A*,31.2158,2365,10.2640
A*,28.2554,2364,10.1640
A*,27.0339,2326,10.0640
A*,26.8405,2263,10.0640
A*,24.4502,2097,9.6468
A*,26.0586,2097,9.6468
A*,24.6593,2066,9.5054
A*,24.1254,2066,9.5054
A*,26.3505,2046,9.3640
A*,25.1977,2001,9.2225
A*,22.2934,1969,9.0811
A*,21.9225,1969,9.0811
A*,21.7047,1900,8.9397
A*,21.8419,1842,8.7983
A*,20.6426,1784,8.6569
A*,21.1131,1784,8.6569
A*,20.4636,1722,8.5154
A*,19.4260,1674,8.3740
A*,18.7768,1604,8.2326
A*,18.9188,1590,8.2326
A*,18.1883,1505,8.0912
A*,16.5649,1406,7.9497
A*,16.5744,1382,7.9083
A*,15.2327,1310,7.8083
A*,14.1643,1233,7.6669
A*,20.9559,1759,7.9497
A*,21.5197,1876,8.0497
A*,44.5738,3728,9.8527
A*,44.9856,3802,9.9355
A*,46.1583,3735,9.8669
A*,47.5628,3885,9.9841
A*,49.9584,3857,9.9355
A*,42.6074,3542,9.8184
A*,43.4998,3526,9.7770
A*,40.9671,3447,9.6941
A*,43.5835,3323,9.5527
A*,38.7683,3242,9.4527
A*,38.8984,3153,9.4284
A*,37.0687,3086,9.3284
A*,34.3534,2974,9.1870
A*,33.8277,2925,9.2042
A*,33.2254,2789,9.0627
A*,32.4321,2663,9.0385
A*,33.0373,2627,8.9971
A*,30.6391,2563,8.9971
A*,31.4440,2516,9.0385
A*,38.9824,2833,10.0598
A*,34.5880,2799,9.9598
A*,33.7056,2857,9.9184
A*,33.5122,2819,9.8184
A*,33.4522,2783,9.6770
A*,34.4957,2732,9.5770
A*,35.0762,2672,9.4770
A*,33.3931,2642,9.3355
A*,32.2074,2529,9.0770
A*,35.6317,2530,8.9770
A*,28.9538,2495,8.8355
A*,28.7166,2425,8.6941
A*,27.2708,2355,8.5527
A*,27.1828,2355,8.5527
A*,28.5184,2288,8.4113
A*,26.2059,2158,8.2698
A*,23.4461,2087,8.1284
A*,23.7597,2074,8.0284
A*,23.2350,2024,7.9870
A*,22.1803,1987,7.8870
A*,21.8462,1941,7.7456
A*,21.6420,1877,7.6042
A*,21.0059,1816,7.4627
A*,21.2827,1816,7.4627
A*,20.0471,1749,7.3213
A*,23.6598,1673,7.1799
A*,19.9073,1651,7.0799
A*,18.5398,1574,6.9385
A*,19.6476,1487,6.7971
A*,17.1312,1449,6.6971
A*,16.3871,1372,6.6728
A*,15.8470,1310,6.6314
A*,16.5340,1257,6.5314
A*,13.8588,1115,6.4314
A*,12.7826,1011,6.3314
A*,12.7967,856,6.1899
A*,10.7568,739,6.0485
A*,9.9407,670,6.0071
A*,8.2958,579,5.9071
A*,4.6502,367,5.6657
A*,4.5173,338,5.6657
A*,4.9360,254,5.4657
A*,3.8888,269,5.3657
A*,3.6295,253,5.2657
A*,3.5580,221,5.1657
A*,2.8906,169,4.8485
A*,2.8436,165,4.7485
A*,2.8208,156,4.6485
A*,2.3957,152,4.5485
A*,2.4302,168,4.4071
A*,2.4062,164,4.3071
A*,1.9615,159,4.2071
A*,2.2778,156,4.0657
A*,2.2883,148,3.8657
A*,3.1520,145,3.7657
A*,2.1669,142,3.6657
A*,2.1145,140,3.5657
A*,2.0391,132,3.3657
A*,1.9118,127,3.2657
A*,1.8960,122,3.1657
A*,1.9286,129,3.0243
A*,2.4345,125,2.9243
A*,1.8513,121,2.8243
A*,1.7976,117,2.7243
A*,2.6183,125,2.6657
A*,1.7340,114,2.4657
A*,1.6647,108,2.3657
A*,1.5929,103,2.2657
A*,1.8480,98,2.1657
A*,1.1650,89,2.0243
A*,1.1073,85,1.9243
A*,1.0622,81,1.8243
A*,0.9763,76,1.7243
A*,1.0270,72,1.6243
A*,1.1099,67,1.5243
A*,0.8634,53,1.3657
A*,0.7610,47,1.3243
A*,0.8363,41,1.2243
A*,0.4288,29,1.0828
A*,0.3755,26,0.9828
A*,0.3236,23,0.8828
A*,0.3019,21,0.7828
A*,0.2581,18,0.6828
A*,0.2716,15,0.5828
A*,0.2293,12,0.4828
RRT*,14.7887,95,11.1569
RRT*,16.7726,93,12.3835
RRT*,10.5385,66,12.4023
RRT*,7.9469,58,11.8672
RRT*,9.9036,68,11.8282
RRT*,11.4439,79,11.9237
RRT*,12.2611,70,11.7398
RRT*,18.2753,93,11.7858
RRT*,10.7297,73,12.8867
RRT*,25.3128,78,15.5498
RRT*,19.1758,95,12.6359
RRT*,13.9773,75,11.5016
RRT*,13.5242,100,15.3192
RRT*,18.9840,103,13.8417
RRT*,11.1507,64,11.6455
RRT*,6.1449,45,10.1161
RRT*,11.4146,69,9.8471
RRT*,45.2746,121,8.8293
RRT*,7.1004,50,8.9417
RRT*,27.1987,100,10.3561
RRT*,18.9239,80,8.9249
RRT*,7.5215,57,8.1924
RRT*,6.7915,49,8.1296
RRT*,29.7673,115,8.3241
RRT*,17.2042,86,8.9895
RRT*,29.5526,165,11.5011
RRT*,88.0085,344,13.4487
RRT*,27.9848,147,11.7465
RRT*,19.1170,110,10.1171
RRT*,69.8874,278,16.9381
RRT*,107.1095,355,18.3353
RRT*,57.0168,245,15.2631
RRT*,186.2946,452,11.9344
RRT*,207.1359,539,18.8792
RRT*,152.9263,485,27.0132
RRT*,374.6929,815,17.4236
RRT*,212.2667,526,20.6916
RRT*,579.8482,1172,17.1175
RRT*,86.5069,264,10.1523
RRT*,85.9281,301,9.5047
RRT*,83.2621,273,10.1430
RRT*,106.5375,336,7.9166
RRT*,75.4684,262,8.7410
RRT*,52.5937,171,11.6150
RRT*,111.5276,316,7.6868
RRT*,139.9337,317,10.4305
RRT*,232.3103,605,12.5511
RRT*,150.9344,282,9.9773
RRT*,57.9687,223,8.4025
RRT*,118.5439,235,6.5260
RRT*,79.0263,199,7.1586
RRT*,152.9575,267,0.0000
RRT*,6.9323,44,4.8264
RRT*,4.4306,34,4.6823
RRT*,2.7699,20,5.2529
RRT*,3.8014,30,4.3356
RRT*,8.4531,62,4.1176
RRT*,3.8862,27,3.9810
RRT*,3.0547,24,3.6320
RRT*,4.2072,18,3.3520
RRT*,2.3961,16,3.0847
RRT*,1.1715,11,2.7308
RRT*,1.8899,12,2.5342
RRT*,1.5067,9,2.2308
RRT*,1.0734,8,2.0544
RRT*,0.7393,7,1.9791
RRT*,1.5318,10,1.5764
RRT*,0.5424,6,1.4729
RRT*,0.9277,6,1.0071
RRT*,0.1196,4,0.8595
RRT*,0.3135,4,0.9243
RRT*,13.1081,91,11.9677
RRT*,12.2795,80,12.2810
RRT*,15.0317,96,13.1123
RRT*,16.7220,100,13.3558
RRT*,8.9847,61,12.2970
RRT*,9.4311,59,11.0736
RRT*,20.2269,119,11.0088
RRT*,10.4275,76,11.0380
RRT*,13.4450,88,13.3533
RRT*,5.7552,47,10.5655
RRT*,17.3352,102,15.2596
RRT*,11.0921,63,10.0732
RRT*,52.6977,126,9.8725
RRT*,5.8945,48,9.2887
RRT*,27.5136,112,9.0193
RRT*,8.8852,59,8.9253
RRT*,8.9835,64,8.8605
RRT*,14.6515,79,8.2700
RRT*,6.7173,45,8.0143
RRT*,20.9576,104,11.1879
RRT*,13.4874,70,8.4994
RRT*,45.5936,135,8.8768
RRT*,107.9816,364,16.7903
RRT*,158.2941,515,15.2775
RRT*,143.4513,474,18.8943
RRT*,299.3493,730,10.9153
RRT*,117.6584,393,13.2628
RRT*,22.6732,111,11.0615
RRT*,27.9481,136,12.4492
RRT*,104.9482,364,14.9608
RRT*,183.7259,507,18.8967
RRT*,165.3502,373,15.3272
RRT*,71.3487,234,13.6408
RRT*,203.2055,570,24.7971
RRT*,54.6295,246,9.6805
RRT*,51.5121,244,12.3820
RRT*,97.5583,368,13.7567
RRT*,61.3130,194,13.6578
RRT*,53.1872,206,10.7508
RRT*,44.6773,181,11.8324
RRT*,55.0489,184,8.4945
RRT*,47.5046,141,11.1514
RRT*,120.4859,198,0.0000
RRT*,84.2994,105,0.0000
RRT*,17.0161,96,7.8593
RRT*,119.2375,200,0.0000
RRT*,124.6695,200,0.0000
RRT*,38.5862,132,8.0899
RRT*,56.2961,146,6.2157
RRT*,4.6525,33,5.1027
RRT*,3.2775,28,4.6344
RRT*,35.1059,107,4.5931
RRT*,6.9655,36,4.6280
RRT*,4.8922,31,4.1134
RRT*,2.9052,18,3.8607
RRT*,2.8980,17,3.3980
RRT*,42.1727,110,3.3485
RRT*,2.1713,16,2.8340
RRT*,3.2131,17,2.7526
RRT*,2.1740,19,2.6312
RRT*,2.1022,16,2.2016
RRT*,2.2621,15,2.0556
RRT*,1.8638,12,1.8125
RRT*,0.9509,9,1.5729
RRT*,1.1050,9,1.2286
RRT*,0.3905,5,0.9828
RRT*,0.1447,3,0.9262
Dijkstra,312.9127,25445,10.7995
Dijkstra,199.3054,17044,12.0581
Dijkstra,154.3405,13330,12.0581
Dijkstra,151.0469,13190,12.2167
Dijkstra,142.8956,12835,12.1167
Dijkstra,138.7470,12238,11.8167
Dijkstra,131.4512,11636,11.8167
Dijkstra,124.4115,10896,11.7167
Dijkstra,112.5412,9789,11.6338
Dijkstra,100.9787,8959,11.7095
Dijkstra,96.6636,8489,11.9196
Dijkstra,91.9620,8124,12.4054
Dijkstra,89.6032,8018,12.3811
Dijkstra,91.3529,7998,12.2983
Dijkstra,91.1291,8027,12.1983
Dijkstra,90.2109,8000,12.0983
Dijkstra,95.1118,7983,11.9983
Dijkstra,91.4664,7968,11.6811
Dijkstra,93.8664,8103,11.5811
Dijkstra,89.7018,7984,11.4811
Dijkstra,89.5767,7980,11.3811
Dijkstra,91.0896,7968,11.2397
Dijkstra,89.7053,7980,11.1397
Dijkstra,88.2549,8032,11.0397
Dijkstra,88.1186,7857,10.8983
Dijkstra,90.0270,7910,10.7983
Dijkstra,87.3573,7778,10.6983
Dijkstra,87.7956,7636,10.4983
Dijkstra,82.5182,7431,10.3983
Dijkstra,81.9561,7401,10.2983
Dijkstra,82.3110,7366,10.1983
Dijkstra,80.8879,7197,10.0983
Dijkstra,79.5145,7125,9.9983
Dijkstra,80.1299,7062,9.8569
Dijkstra,82.7744,6978,9.6569
Dijkstra,83.0468,6962,9.5569
Dijkstra,77.0230,6940,9.4569
Dijkstra,79.7856,6838,9.3569
Dijkstra,75.7637,6734,9.2983
Dijkstra,76.7363,6792,9.1983
Dijkstra,75.1241,6690,9.0983
Dijkstra,73.9685,6772,8.9569
Dijkstra,60.4399,5461,8.8569
Dijkstra,59.8973,5322,8.7154
Dijkstra,59.0239,5287,8.6154
Dijkstra,61.4110,5195,8.4740
Dijkstra,58.5031,5206,8.3740
Dijkstra,58.1821,5211,8.2740
Dijkstra,62.4797,5225,8.1326
Dijkstra,60.6728,5086,8.0326
Dijkstra,55.8052,5086,7.8912
Dijkstra,59.2932,5297,8.0740
Dijkstra,68.0963,5710,8.2154
Dijkstra,66.4261,5834,8.4284
Dijkstra,68.2696,5849,8.3456
Dijkstra,66.3506,5896,8.3042
Dijkstra,69.8554,6210,8.3627
Dijkstra,75.7708,6617,8.5456
Dijkstra,79.8668,7023,8.6870
Dijkstra,85.5357,7498,8.8698
Dijkstra,91.8381,7827,8.8698
Dijkstra,95.2003,8239,8.9527
Dijkstra,97.6666,8696,9.0941
Dijkstra,104.3003,9355,9.3770
Dijkstra,115.1160,9869,9.5184
Dijkstra,123.7212,10810,9.6184
Dijkstra,123.4336,10802,9.7698
Dijkstra,125.3629,10994,9.7113
Dijkstra,94.9909,8450,10.2598
Dijkstra,94.3852,8453,10.1770
Dijkstra,97.1875,8337,10.0770
Dijkstra,90.6110,7978,9.9355
Dijkstra,92.1951,7870,9.7355
Dijkstra,88.5027,7859,9.6355
Dijkstra,87.4489,7768,9.5355
Dijkstra,96.4162,7674,9.4355
Dijkstra,83.9181,7490,9.3355
Dijkstra,82.0415,7361,8.8770
Dijkstra,81.9399,7325,8.8770
Dijkstra,86.3761,7374,8.6770
Dijkstra,83.1199,7344,8.6770
Dijkstra,81.1201,7137,8.5355
Dijkstra,81.9496,7041,8.3941
Dijkstra,75.2109,6709,8.2527
Dijkstra,70.4460,6089,8.1113
Dijkstra,66.5385,6087,7.9698
Dijkstra,66.9648,5953,7.9698
Dijkstra,70.9016,5824,7.8284
Dijkstra,63.9477,5760,7.6870
Dijkstra,66.4969,5579,7.5456
Dijkstra,61.7716,5472,7.5456
Dijkstra,60.8621,5369,7.4042
Dijkstra,61.6286,5355,7.2627
Dijkstra,59.5346,5323,7.1213
Dijkstra,60.0062,5197,7.1213
Dijkstra,63.8639,5076,6.9799
Dijkstra,60.9851,4873,6.8385
Dijkstra,58.4069,4793,6.8971
Dijkstra,52.4547,4658,6.8142
Dijkstra,49.1226,4451,6.6728
Dijkstra,48.7210,4258,6.5314
Dijkstra,45.4705,4026,6.4314
Dijkstra,43.3867,3903,6.3899
Dijkstra,40.5140,3644,6.1899
Dijkstra,37.9152,3364,6.0485
Dijkstra,35.9570,3212,6.0071
Dijkstra,35.3977,2919,5.9071
Dijkstra,29.9473,2672,5.7657
Dijkstra,26.6779,2433,5.5657
Dijkstra,26.2666,2358,5.4657
Dijkstra,26.1853,2286,5.3657
Dijkstra,24.1825,2186,5.2657
Dijkstra,23.3822,2093,5.1657
Dijkstra,24.8804,1985,4.8485
Dijkstra,22.5751,1966,4.8485
Dijkstra,21.1967,1889,4.7485
Dijkstra,21.2682,1854,4.6485
Dijkstra,18.5938,1719,4.4071
Dijkstra,18.1998,1574,4.3071
Dijkstra,17.0085,1493,4.1657
Dijkstra,17.2196,1414,4.0657
Dijkstra,13.1397,1173,3.8657
Dijkstra,13.0669,1050,3.7657
Dijkstra,11.8708,928,3.6657
Dijkstra,10.7587,844,3.5657
Dijkstra,8.9043,776,3.4657
Dijkstra,8.6189,716,3.3657
Dijkstra,7.8870,666,3.2657
Dijkstra,7.9253,596,3.0657
Dijkstra,6.9995,554,2.9243
Dijkstra,6.3772,522,2.8243
Dijkstra,5.5619,486,2.7243
Dijkstra,6.1162,449,2.6243
Dijkstra,5.9586,417,2.5243
Dijkstra,5.1613,403,2.4657
Dijkstra,5.3225,383,2.3657
Dijkstra,3.8603,367,2.2657
Dijkstra,3.7393,335,2.0657
Dijkstra,3.6529,308,1.9243
Dijkstra,3.1390,292,1.8243
Dijkstra,4.1765,276,1.7243
Dijkstra,3.2590,262,1.6243
Dijkstra,3.4957,248,1.5243
Dijkstra,3.0926,240,1.4657
Dijkstra,2.7299,212,1.3243
Dijkstra,2.4395,194,1.2243
Dijkstra,2.3768,165,1.0828
Dijkstra,2.0972,147,0.9828
Dijkstra,1.9246,129,0.8828
Dijkstra,1.4835,114,0.7828
Dijkstra,1.4330,109,0.7243
Dijkstra,1.1514,88,0.5828
Dijkstra,1.0584,76,0.4828
D* Lite,22.2004,1753,10.8995
D* Lite,96.7945,8304,12.1581
D* Lite,96.5260,8234,12.1581
D* Lite,97.1283,8552,12.3167
D* Lite,94.0555,7912,12.2167
D* Lite,76.9136,6860,11.9581
D* Lite,73.4015,6325,11.9167
D* Lite,64.7997,5626,11.7752
D* Lite,65.9527,5654,11.7338
D* Lite,66.2697,5816,11.8267
D* Lite,79.4622,6978,12.1368
D* Lite,91.9197,7743,12.3882
D* Lite,93.2630,7879,12.5397
D* Lite,92.1493,7722,12.4397
D* Lite,88.3028,7565,12.3397
D* Lite,89.3416,7397,12.2397
D* Lite,84.3839,7174,12.0983
D* Lite,82.6899,7166,12.0983
D* Lite,75.3061,6331,11.7811
D* Lite,72.5867,6331,11.7811
D* Lite,72.1848,6370,11.6983
D* Lite,72.4899,6259,11.5983
D* Lite,70.8150,6148,11.4983
D* Lite,72.4594,6032,11.3983
D* Lite,76.8248,5972,11.2569
D* Lite,71.7197,5862,11.1569
D* Lite,70.1213,5779,11.0154
D* Lite,67.0750,5663,10.9154
D* Lite,69.8207,5558,10.8154
D* Lite,64.5491,5480,10.6740
D* Lite,59.8256,5135,10.5740
D* Lite,58.3242,5009,10.4740
D* Lite,58.5104,4939,10.3326
D* Lite,56.1909,4827,10.2326
D* Lite,54.0723,4714,10.1326
D* Lite,55.1820,4648,9.9912
D* Lite,53.1943,4539,9.8912
D* Lite,50.6353,4423,9.7912
D* Lite,50.8190,4363,9.6497
D* Lite,50.4563,4248,9.5497
D* Lite,48.0465,4140,9.4497
D* Lite,47.3204,3962,9.2083
D* Lite,46.5167,3856,9.1083
D* Lite,44.9903,3740,9.0083
D* Lite,47.7702,3688,8.8669
D* Lite,45.3978,3579,8.7669
D* Lite,42.9097,3528,8.6255
D* Lite,38.4258,3413,8.5255
D* Lite,39.9650,3302,8.4255
D* Lite,36.7602,3252,8.2841
D* Lite,36.1244,3141,8.1841
D* Lite,37.5035,3037,8.0841
D* Lite,32.9738,2924,7.9841
D* Lite,31.2510,2506,7.9598
D* Lite,30.9964,2458,8.0355
D* Lite,28.0273,2314,7.9941
D* Lite,26.7589,2156,8.0113
D* Lite,25.6817,2028,8.0456
D* Lite,23.3689,1867,8.0042
D* Lite,20.5698,1686,8.0213
D* Lite,20.1758,1520,8.0556
D* Lite,21.4286,1649,8.2971
D* Lite,21.6286,1745,8.4799
D* Lite,25.8797,2080,8.9042
D* Lite,26.8166,2234,9.0870
D* Lite,32.9241,2567,9.5527
D* Lite,35.2083,2881,9.7770
D* Lite,34.9239,2954,9.9012
D* Lite,44.5341,3439,10.2598
D* Lite,46.7443,3946,10.5598
D* Lite,47.3116,3858,10.4184
D* Lite,47.6779,3896,10.3770
D* Lite,46.7062,3795,10.2355
D* Lite,46.5532,3688,10.0355
D* Lite,43.6204,3631,9.9355
D* Lite,47.7282,3576,9.8355
D* Lite,44.5500,3516,9.7355
D* Lite,42.7279,3447,9.6355
D* Lite,41.7244,3379,9.5355
D* Lite,31.2409,2569,9.0184
D* Lite,31.1499,2569,9.0184
D* Lite,32.0232,2569,9.0184
D* Lite,29.3952,2336,8.7770
D* Lite,29.2533,2261,8.6355
D* Lite,27.3756,2152,8.5355
D* Lite,28.5194,2178,8.4941
D* Lite,25.2038,2113,8.3527
D* Lite,24.0096,2011,8.2527
D* Lite,23.5930,1943,8.1113
D* Lite,22.1423,1872,7.9698
D* Lite,21.7728,1822,7.9284
D* Lite,21.3070,1805,7.8284
D* Lite,23.7629,1735,7.6870
D* Lite,20.9171,1691,7.6456
D* Lite,20.3212,1621,7.5042
D* Lite,19.0185,1602,7.4042
D* Lite,18.9921,1532,7.2627
D* Lite,21.0347,1482,7.2213
D* Lite,17.0621,1408,7.0799
D* Lite,18.3328,1384,6.9799
D* Lite,17.8403,1347,6.9556
D* Lite,17.4990,1291,6.9142
D* Lite,15.8296,1212,6.7728
D* Lite,15.6260,1172,6.6728
D* Lite,15.0376,1115,6.6314
D* Lite,13.4175,1019,6.4899
D* Lite,13.5063,990,6.4485
D* Lite,13.0922,899,6.3071
D* Lite,10.3851,861,6.2071
D* Lite,9.4005,758,6.0657
D* Lite,8.4762,685,5.8657
D* Lite,7.4149,596,5.7657
D* Lite,6.9348,560,5.6657
D* Lite,8.5619,543,5.5657
D* Lite,7.7107,528,5.4657
D* Lite,5.0267,445,5.3657
D* Lite,5.2446,405,5.3071
D* Lite,3.3756,284,4.9899
D* Lite,3.7522,279,4.9485
D* Lite,3.8744,272,4.8485
D* Lite,3.8984,264,4.7071
D* Lite,3.2033,258,4.6071
D* Lite,3.4100,250,4.4657
D* Lite,3.7759,244,4.3657
D* Lite,3.6157,238,4.2657
D* Lite,3.0161,163,4.1243
D* Lite,2.4633,157,4.0243
D* Lite,2.7408,151,3.9243
D* Lite,1.5108,98,3.7828
D* Lite,1.7205,95,3.6828
D* Lite,1.5796,92,3.5828
D* Lite,1.2075,35,3.4414
D* Lite,0.8264,34,3.3414
D* Lite,0.6838,32,3.1414
D* Lite,0.5474,31,3.0414
D* Lite,0.5541,30,2.9414
D* Lite,0.4663,29,2.8414
D* Lite,0.4549,28,2.7414
D* Lite,0.4637,27,2.6414
D* Lite,0.5223,25,2.4000
D* Lite,0.4700,24,2.3000
D* Lite,0.5300,23,2.2000
D* Lite,0.5334,22,2.1000
D* Lite,0.4214,21,2.0000
D* Lite,0.4424,20,1.9000
D* Lite,0.3865,19,1.8414
D* Lite,0.3556,18,1.7000
D* Lite,0.7152,17,1.6000
D* Lite,0.3595,16,1.5000
D* Lite,0.3549,15,1.4414
D* Lite,0.3466,14,1.3000
D* Lite,0.2261,12,1.1000
D* Lite,0.2302,11,1.0000
D* Lite,0.2953,10,0.9000
D* Lite,0.1971,9,0.8414
D* Lite,0.1371,8,0.7414
D* Lite,0.1627,7,0.6000
D* Lite,0.1468,6,0.5000
Dijkstra,312.3413,25445,10.7995
Dijkstra,224.5711,18576,12.0581
Dijkstra,216.0178,18576,12.0581
Dijkstra,212.8067,18576,12.0581
Dijkstra,211.4490,18576,12.0581
Dijkstra,213.5868,18576,12.0581
Dijkstra,215.0773,18576,12.0581
Dijkstra,213.4250,18576,12.0581
Dijkstra,210.7991,18576,12.0581
Dijkstra,217.1797,18576,12.0581
Dijkstra,216.4445,18576,12.0581
Dijkstra,214.3841,18576,12.0581
Dijkstra,216.0431,18576,12.0581
Dijkstra,225.5693,18576,12.0581
Dijkstra,218.1167,18576,12.0581
Dijkstra,219.9532,18576,12.0581
Dijkstra,214.1280,18576,12.0581
Dijkstra,207.7385,18576,12.0581
Dijkstra,223.6163,18576,12.0581
Dijkstra,214.3593,18576,12.0581
Dijkstra,216.0448,18576,12.0581
Dijkstra,216.7622,18576,12.0581
Dijkstra,227.6254,18576,12.0581
Dijkstra,217.7898,18576,12.0581
Dijkstra,212.1648,18576,12.0581
Dijkstra,233.2705,18576,12.0581
Dijkstra,212.3129,18576,12.0581
Dijkstra,217.9881,18565,12.0581
Dijkstra,220.9663,18564,12.0581
Dijkstra,219.2229,18564,12.0581
Dijkstra,220.9996,18564,12.0581
Dijkstra,230.3875,18564,12.0581
Dijkstra,217.5450,18564,12.0581
Dijkstra,210.9279,18151,12.0581
Dijkstra,151.0057,12766,12.1995
Dijkstra,147.4910,12699,12.1995
Dijkstra,149.8516,12712,12.2167
Dijkstra,143.5537,12409,12.1167
Dijkstra,136.0662,11875,11.8167
Dijkstra,128.9970,11365,11.8167
Dijkstra,117.0978,10308,11.7167
Dijkstra,107.7011,9428,11.5752
Dijkstra,106.8042,8782,11.5924
Dijkstra,95.8530,8201,11.8024
Dijkstra,90.9285,7955,12.1711
Dijkstra,91.3725,7890,12.4225
Dijkstra,90.8952,7932,12.1811
Dijkstra,90.3201,7918,12.0811
Dijkstra,97.4271,7919,12.0397
Dijkstra,88.4441,7873,11.9983
Dijkstra,88.8442,7875,11.5811
Dijkstra,90.3925,7875,11.5811
Dijkstra,91.2259,8006,11.4811
Dijkstra,93.3704,8001,11.3811
Dijkstra,91.8272,7925,11.2397
Dijkstra,90.2126,7941,11.1397
Dijkstra,93.3210,7951,10.9983
Dijkstra,89.9585,7940,10.7983
Dijkstra,90.6946,7902,10.6983
Dijkstra,91.0717,7760,10.5983
Dijkstra,90.4805,7682,10.4983
Dijkstra,86.7132,7486,10.3983
Dijkstra,86.5034,7479,10.2983
Dijkstra,84.6424,7465,10.1983
Dijkstra,84.8134,7301,9.9983
Dijkstra,80.0816,7200,9.8569
Dijkstra,79.8707,7091,9.7569
Dijkstra,81.5341,6995,9.6569
Dijkstra,79.1518,7002,9.5569
Dijkstra,79.6932,6924,9.4983
Dijkstra,78.2782,6844,9.3983
Dijkstra,82.1209,6792,9.2983
Dijkstra,78.3496,6785,9.1983
Dijkstra,78.6233,6882,8.9569
Dijkstra,70.3869,6055,8.9569
Dijkstra,61.8429,5453,8.8569
Dijkstra,61.6563,5287,8.7154
Dijkstra,58.5569,5276,8.6154
Dijkstra,59.1806,5186,8.3740
Dijkstra,60.5010,5197,8.2740
Dijkstra,58.7499,5228,8.1326
Dijkstra,59.0602,5102,8.0326
Dijkstra,60.2536,5086,7.8912
Dijkstra,57.0243,5073,7.9326
Dijkstra,61.8095,5502,8.0740
Dijkstra,70.2227,5745,8.3698
Dijkstra,86.3808,5833,8.3456
Dijkstra,71.4764,5967,8.3627
Dijkstra,73.6250,6360,8.5456
Dijkstra,78.0533,6787,8.5870
Dijkstra,2547.5444,25420,10.8409
Dijkstra,1743.7109,17780,11.8995
Dijkstra,1774.4908,17738,11.9409
Dijkstra,1759.9560,17772,11.8995
Dijkstra,1995.7911,17772,11.8995
Dijkstra,2037.2038,17772,11.8995
Dijkstra,2025.0285,17772,11.8995
Dijkstra,2030.0832,17772,11.8995
Dijkstra,2097.1289,17772,11.8995
Dijkstra,2060.5345,17772,11.8995
Dijkstra,7.0664,57,0.0000
Dijkstra,6.9131,52,0.0000
Dijkstra,7.7935,58,0.0000
Dijkstra,9.0711,70,0.0000
Dijkstra,11.2741,81,0.0000
Dijkstra,10.4706,86,0.0000
Dijkstra,11.6621,99,0.0000
Dijkstra,12.5870,99,0.0000
Dijkstra,14.6411,109,0.0000
Dijkstra,14.5136,109,0.0000
Dijkstra,13.7189,109,0.0000
Dijkstra,14.5561,109,0.0000
Dijkstra,11.7873,109,0.0000
Dijkstra,16.0836,109,0.0000
Dijkstra,13.9648,114,0.0000
Dijkstra,14.5028,114,0.0000
Dijkstra,14.3387,114,0.0000
Dijkstra,14.3312,114,0.0000
Dijkstra,13.4554,109,0.0000
Dijkstra,12.3842,107,0.0000
Dijkstra,15.1053,110,0.0000
Dijkstra,13.2890,110,0.0000
Dijkstra,13.0634,115,0.0000
Dijkstra,13.2851,115,0.0000
Dijkstra,13.3696,110,0.0000
Dijkstra,13.7214,110,0.0000
Dijkstra,13.2926,110,0.0000
Dijkstra,16.4820,110,0.0000
Dijkstra,13.8682,110,0.0000
Dijkstra,13.0416,110,0.0000
Dijkstra,14.7048,110,0.0000
Dijkstra,12.9852,110,0.0000
Dijkstra,14.5615,115,0.0000
Dijkstra,13.1369,108,0.0000
Dijkstra,12.7937,110,0.0000
Dijkstra,14.9543,107,0.0000
Dijkstra,13.1857,107,0.0000
Dijkstra,14.9701,107,0.0000
Dijkstra,12.6484,107,0.0000
Dijkstra,12.4768,110,0.0000
Dijkstra,16.0130,110,0.0000
Dijkstra,12.7777,110,0.0000
Dijkstra,12.2573,103,0.0000
Dijkstra,13.8076,101,0.0000
Dijkstra,13.5298,101,0.0000
Dijkstra,14.5829,101,0.0000
Dijkstra,14.7739,101,0.0000
Dijkstra,12.4270,108,0.0000
Dijkstra,12.7406,108,0.0000
Dijkstra,14.2932,103,0.0000
Dijkstra,11.4695,103,0.0000
Dijkstra,13.3929,103,0.0000
Dijkstra,12.3298,101,0.0000
Dijkstra,13.1856,108,0.0000
Dijkstra,11.8144,103,0.0000
Dijkstra,11.9088,105,0.0000
Dijkstra,12.4598,108,0.0000
Dijkstra,14.1173,108,0.0000
Dijkstra,14.2403,108,0.0000
Dijkstra,12.5197,101,0.0000
Dijkstra,10.9817,101,0.0000
Dijkstra,12.6452,108,0.0000
Dijkstra,12.5459,108,0.0000
Dijkstra,11.9667,103,0.0000
Dijkstra,11.7612,101,0.0000
Dijkstra,13.9159,105,0.0000
Dijkstra,13.2948,102,0.0000
Dijkstra,14.2479,102,0.0000
Dijkstra,12.8664,103,0.0000
Dijkstra,12.0067,103,0.0000
Dijkstra,12.8930,105,0.0000
Dijkstra,13.2173,105,0.0000
Dijkstra,12.1917,105,0.0000
Dijkstra,12.0788,101,0.0000
Dijkstra,11.6593,103,0.0000
Dijkstra,12.5501,108,0.0000
Dijkstra,13.8233,108,0.0000
Dijkstra,12.2537,101,0.0000
Dijkstra,12.9928,108,0.0000
Dijkstra,13.5182,105,0.0000
Dijkstra,11.7726,105,0.0000
Dijkstra,12.5480,103,0.0000
Dijkstra,11.7548,101,0.0000
Dijkstra,11.8791,105,0.0000
Dijkstra,12.9908,105,0.0000
Dijkstra,11.4222,101,0.0000
Dijkstra,12.6731,101,0.0000
Dijkstra,12.7639,108,0.0000
Dijkstra,12.5423,105,0.0000
Dijkstra,13.7601,105,0.0000
Dijkstra,12.2907,103,0.0000
Dijkstra,14.2174,103,0.0000
Dijkstra,13.0226,103,0.0000
Dijkstra,15.1369,108,0.0000
Dijkstra,12.7901,103,0.0000
Dijkstra,12.8625,101,0.0000
Dijkstra,13.1210,108,0.0000
Dijkstra,15.6501,103,0.0000
Dijkstra,14.0977,105,0.0000
Dijkstra,13.2059,101,0.0000
Dijkstra,13.0779,105,0.0000
Dijkstra,15.4967,103,0.0000
Dijkstra,14.9961,105,0.0000
Dijkstra,13.6187,105,0.0000
Dijkstra,14.8942,103,0.0000
Dijkstra,12.5116,108,0.0000
Dijkstra,13.1616,105,0.0000
Dijkstra,14.0132,105,0.0000
Dijkstra,13.8969,105,0.0000
Dijkstra,14.4863,105,0.0000
Dijkstra,15.8643,101,0.0000
Dijkstra,14.3549,103,0.0000
Dijkstra,13.1077,103,0.0000
Dijkstra,11.7303,105,0.0000
Dijkstra,12.3549,108,0.0000
Dijkstra,12.7683,108,0.0000
Dijkstra,14.1981,108,0.0000
Dijkstra,14.1898,108,0.0000
Dijkstra,12.5150,101,0.0000
Dijkstra,12.3340,103,0.0000
Dijkstra,15.6276,102,0.0000
Dijkstra,12.2650,101,0.0000
Dijkstra,13.0814,103,0.0000
Dijkstra,15.5143,108,0.0000
Dijkstra,17.1365,108,0.0000
Dijkstra,12.2945,101,0.0000
Dijkstra,12.3851,101,0.0000
Dijkstra,11.8239,101,0.0000
Dijkstra,13.8022,103,0.0000
Dijkstra,12.8313,103,0.0000
Dijkstra,14.6691,103,0.0000
Dijkstra,15.4637,105,0.0000
Dijkstra,12.6440,105,0.0000
Dijkstra,12.3761,105,0.0000
Dijkstra,11.6073,101,0.0000
Dijkstra,15.1676,101,0.0000
Dijkstra,13.3432,105,0.0000
Dijkstra,12.6124,108,0.0000
Dijkstra,14.2706,108,0.0000
Dijkstra,11.4946,101,0.0000
Dijkstra,12.5656,101,0.0000
Dijkstra,14.2642,101,0.0000
Dijkstra,12.4016,101,0.0000
Dijkstra,13.5109,108,0.0000
Dijkstra,12.0550,102,0.0000
Dijkstra,12.6023,105,0.0000
Dijkstra,12.3898,105,0.0000
Dijkstra,13.7001,105,0.0000
Dijkstra,15.3041,108,0.0000
Dijkstra,12.6173,103,0.0000
Dijkstra,14.9595,103,0.0000
Dijkstra,13.5969,103,0.0000
Dijkstra,13.2538,101,0.0000
Dijkstra,13.7068,101,0.0000
Dijkstra,13.4486,105,0.0000
Dijkstra,13.8854,105,0.0000
Dijkstra,12.7686,105,0.0000
Dijkstra,12.2192,103,0.0000
Dijkstra,13.1057,103,0.0000
Dijkstra,13.9404,105,0.0000
Dijkstra,14.1467,108,0.0000
Dijkstra,12.3645,105,0.0000
Dijkstra,11.9410,108,0.0000
Dijkstra,13.0458,105,0.0000
Dijkstra,13.6065,105,0.0000
Dijkstra,12.8503,105,0.0000
Dijkstra,12.1079,105,0.0000
Dijkstra,13.6229,103,0.0000
Dijkstra,14.9895,103,0.0000
Dijkstra,13.1206,105,0.0000
Dijkstra,14.3680,108,0.0000
Dijkstra,12.2173,101,0.0000
Dijkstra,11.3559,101,0.0000
Dijkstra,12.3210,101,0.0000
Dijkstra,15.0912,103,0.0000
Dijkstra,13.1809,101,0.0000
Dijkstra,11.6390,103,0.0000
Dijkstra,13.2582,108,0.0000
Dijkstra,16.5705,108,0.0000
Dijkstra,12.6253,105,0.0000
Dijkstra,11.3078,103,0.0000
Dijkstra,11.8318,101,0.0000
Dijkstra,10.7657,101,0.0000
Dijkstra,10.8985,101,0.0000
Dijkstra,12.7612,108,0.0000
Dijkstra,13.6397,106,0.0000
Dijkstra,12.9436,103,0.0000
Dijkstra,12.7019,103,0.0000
Dijkstra,12.3792,103,0.0000
Dijkstra,12.4947,105,0.0000
Dijkstra,12.5409,105,0.0000
Dijkstra,13.6500,108,0.0000
Dijkstra,13.5287,103,0.0000
Dijkstra,12.2717,101,0.0000
Dijkstra,11.9320,108,0.0000
Dijkstra,12.7800,108,0.0000
Dijkstra,14.6045,108,0.0000
Dijkstra,12.1891,104,0.0000
Dijkstra,11.3646,101,0.0000
Dijkstra,12.5086,101,0.0000
Dijkstra,12.9064,105,0.0000
Dijkstra,13.6741,108,0.0000
Dijkstra,12.3039,108,0.0000
Dijkstra,13.5119,108,0.0000
Dijkstra,13.9105,105,0.0000
Dijkstra,13.6308,105,0.0000
Dijkstra,14.7484,103,0.0000
Dijkstra,12.4854,103,0.0000
Dijkstra,12.4537,103,0.0000
Dijkstra,13.5229,105,0.0000
Dijkstra,12.2057,105,0.0000
Dijkstra,12.9108,101,0.0000
Dijkstra,12.3300,101,0.0000
Dijkstra,17.0060,101,0.0000
Dijkstra,12.6752,103,0.0000
Dijkstra,12.2043,102,0.0000
Dijkstra,12.5282,108,0.0000
Dijkstra,11.4866,103,0.0000
Dijkstra,13.4315,103,0.0000
Dijkstra,12.5446,108,0.0000
Dijkstra,13.0870,105,0.0000
Dijkstra,15.4568,105,0.0000
Dijkstra,12.7093,101,0.0000
Dijkstra,14.8501,103,0.0000
Dijkstra,12.6149,108,0.0000
Dijkstra,12.5828,108,0.0000
Dijkstra,12.2053,108,0.0000
Dijkstra,12.7897,105,0.0000
Dijkstra,12.0110,104,0.0000
Dijkstra,12.3928,104,0.0000
Dijkstra,13.5304,102,0.0000
Dijkstra,14.1714,105,0.0000
Dijkstra,12.8077,105,0.0000
Dijkstra,11.6455,103,0.0000
Dijkstra,12.1787,101,0.0000
Dijkstra,14.5277,105,0.0000
Dijkstra,14.1098,105,0.0000
Dijkstra,14.0440,108,0.0000
Dijkstra,14.9020,108,0.0000
Dijkstra,11.7340,108,0.0000
Dijkstra,14.4261,108,0.0000
Dijkstra,11.7192,101,0.0000
Dijkstra,12.0848,105,0.0000
Dijkstra,13.0875,105,0.0000
Dijkstra,13.7898,105,0.0000
Dijkstra,12.1916,108,0.0000
Dijkstra,12.2462,108,0.0000
Dijkstra,12.4164,108,0.0000
Dijkstra,14.1212,103,0.0000
Dijkstra,11.4677,101,0.0000
Dijkstra,12.4849,103,0.0000
Dijkstra,14.1182,105,0.0000
Dijkstra,12.7084,105,0.0000
Dijkstra,12.8997,103,0.0000
Dijkstra,12.0395,102,0.0000
Dijkstra,13.9765,106,0.0000
Dijkstra,12.4033,101,0.0000
Dijkstra,12.8193,101,0.0000
Dijkstra,12.8019,103,0.0000
Dijkstra,12.5116,103,0.0000
Dijkstra,13.0950,105,0.0000
Dijkstra,14.0795,105,0.0000
Dijkstra,13.6132,108,0.0000
Dijkstra,13.9477,108,0.0000
Dijkstra,13.0704,108,0.0000
Dijkstra,12.1295,108,0.0000
Dijkstra,14.3351,108,0.0000
Dijkstra,12.9910,103,0.0000
Dijkstra,12.6146,103,0.0000
Dijkstra,12.2566,103,0.0000
Dijkstra,14.1114,103,0.0000
Dijkstra,13.8605,105,0.0000
Dijkstra,14.0451,105,0.0000
Dijkstra,12.1325,101,0.0000
Dijkstra,12.0396,101,0.0000
Dijkstra,12.1177,103,0.0000
Dijkstra,12.1913,103,0.0000
Dijkstra,12.9612,103,0.0000
Dijkstra,11.9206,101,0.0000
Dijkstra,12.1855,103,0.0000
Dijkstra,13.8667,108,0.0000
Dijkstra,15.0880,105,0.0000
Dijkstra,12.3374,105,0.0000
Dijkstra,12.7510,105,0.0000
Dijkstra,12.2862,103,0.0000
Dijkstra,12.9583,103,0.0000
Dijkstra,11.7225,103,0.0000
Dijkstra,12.4139,108,0.0000
Dijkstra,11.3836,101,0.0000
Dijkstra,12.5485,105,0.0000
Dijkstra,14.4039,108,0.0000
Dijkstra,14.4204,103,0.0000
Dijkstra,14.5277,105,0.0000
Dijkstra,14.1160,105,0.0000
Dijkstra,11.9521,105,0.0000
Dijkstra,14.8198,105,0.0000
Dijkstra,14.4834,108,0.0000
Dijkstra,14.8581,108,0.0000
Dijkstra,13.0425,108,0.0000
Dijkstra,12.1827,101,0.0000
Dijkstra,14.7866,101,0.0000
Dijkstra,12.5259,105,0.0000
Dijkstra,12.3819,103,0.0000
Dijkstra,12.1425,101,0.0000
Dijkstra,11.9386,103,0.0000
Dijkstra,12.5597,103,0.0000
Dijkstra,11.9015,108,0.0000
Dijkstra,12.5140,108,0.0000
Dijkstra,13.4226,101,0.0000
Dijkstra,15.1881,103,0.0000
Dijkstra,13.9118,103,0.0000
Dijkstra,17.1173,108,0.0000
Dijkstra,16.5332,108,0.0000
Dijkstra,13.6183,108,0.0000
Dijkstra,13.2392,108,0.0000
Dijkstra,12.8079,108,0.0000
Dijkstra,13.3231,103,0.0000
Dijkstra,12.4292,103,0.0000
Dijkstra,11.3058,103,0.0000
Dijkstra,12.3993,108,0.0000
Dijkstra,13.1503,108,0.0000
Dijkstra,12.8187,101,0.0000
Dijkstra,11.7622,101,0.0000
Dijkstra,11.0481,101,0.0000
Dijkstra,13.0914,108,0.0000
Dijkstra,13.0871,105,0.0000
Dijkstra,13.2822,105,0.0000
Dijkstra,11.6725,105,0.0000
Dijkstra,12.5408,103,0.0000
Dijkstra,13.6481,108,0.0000
Dijkstra,12.4737,103,0.0000
Dijkstra,12.7968,103,0.0000
Dijkstra,12.1357,105,0.0000
Dijkstra,11.7073,105,0.0000
Dijkstra,13.4220,105,0.0000
Dijkstra,12.4273,103,0.0000
Dijkstra,12.5427,103,0.0000
Dijkstra,12.5422,108,0.0000
Dijkstra,12.8648,108,0.0000
Dijkstra,11.7441,101,0.0000
Dijkstra,14.8300,101,0.0000
Dijkstra,13.8901,105,0.0000
Dijkstra,13.0805,101,0.0000
Dijkstra,13.9759,108,0.0000
Dijkstra,20.2734,108,0.0000
Dijkstra,12.7329,103,0.0000
Dijkstra,12.7346,103,0.0000
Dijkstra,13.8027,103,0.0000
Dijkstra,12.7023,105,0.0000
Dijkstra,15.0265,108,0.0000
Dijkstra,14.2743,101,0.0000
Dijkstra,13.1568,105,0.0000
Dijkstra,12.4567,105,0.0000
Dijkstra,13.5967,108,0.0000
Dijkstra,13.0539,108,0.0000
Dijkstra,13.7528,101,0.0000
Dijkstra,11.5540,101,0.0000
Dijkstra,13.0974,105,0.0000
Dijkstra,14.7036,108,0.0000
Dijkstra,13.8078,105,0.0000
Dijkstra,13.7433,105,0.0000
Dijkstra,13.4987,105,0.0000
Dijkstra,12.0450,103,0.0000
Dijkstra,12.7886,101,0.0000
Dijkstra,13.3818,101,0.0000
Dijkstra,12.9643,101,0.0000
Dijkstra,14.1159,105,0.0000
Dijkstra,13.3594,103,0.0000
Dijkstra,12.8946,103,0.0000
Dijkstra,11.7976,101,0.0000
Dijkstra,13.5695,108,0.0000
Dijkstra,15.0227,108,0.0000
Dijkstra,11.8887,101,0.0000
Dijkstra,13.0393,105,0.0000
Dijkstra,13.6515,105,0.0000
Dijkstra,12.4122,108,0.0000
Dijkstra,12.2257,108,0.0000
Dijkstra,10.6997,101,0.0000
Dijkstra,11.9771,101,0.0000
Dijkstra,12.8860,101,0.0000
Dijkstra,11.7259,101,0.0000
Dijkstra,12.8529,101,0.0000
Dijkstra,15.8966,108,0.0000
Dijkstra,13.4147,108,0.0000
Dijkstra,12.2024,108,0.0000
Dijkstra,12.0334,103,0.0000
Dijkstra,13.1556,103,0.0000
Dijkstra,13.8259,105,0.0000
Dijkstra,14.6682,108,0.0000
Dijkstra,13.1406,108,0.0000
Dijkstra,13.4320,108,0.0000
Dijkstra,12.8024,101,0.0000
Dijkstra,14.4683,108,0.0000
Dijkstra,14.6421,108,0.0000
Dijkstra,14.6979,108,0.0000
Dijkstra,12.9204,108,0.0000
Dijkstra,13.7874,108,0.0000
Dijkstra,12.8262,108,0.0000
Dijkstra,14.4055,108,0.0000
Dijkstra,14.7976,105,0.0000
Dijkstra,13.0196,102,0.0000
Dijkstra,13.9425,102,0.0000
Dijkstra,13.2079,103,0.0000
Dijkstra,13.0390,103,0.0000
Dijkstra,14.7540,103,0.0000
Dijkstra,13.4746,101,0.0000
Dijkstra,13.9038,103,0.0000
Dijkstra,14.1282,103,0.0000
Dijkstra,13.6283,105,0.0000
Dijkstra,15.6750,108,0.0000
Dijkstra,13.0320,102,0.0000
Dijkstra,13.1481,103,0.0000
Dijkstra,11.3012,101,0.0000
Dijkstra,11.6095,105,0.0000
Dijkstra,11.2191,105,0.0000
Dijkstra,11.8213,101,0.0000
Dijkstra,11.7878,103,0.0000
Dijkstra,10.9362,103,0.0000
Dijkstra,12.2290,105,0.0000
Dijkstra,12.5220,105,0.0000
Dijkstra,12.6066,103,0.0000
Dijkstra,12.4831,105,0.0000
Dijkstra,13.4210,105,0.0000
Dijkstra,13.2743,105,0.0000
Dijkstra,14.9752,105,0.0000
Dijkstra,13.9513,105,0.0000
Dijkstra,12.1405,104,0.0000
Dijkstra,13.2781,104,0.0000
Dijkstra,15.0373,105,0.0000
Dijkstra,13.2935,105,0.0000
Dijkstra,14.6837,105,0.0000
Dijkstra,12.2601,105,0.0000
Dijkstra,13.4958,105,0.0000
Dijkstra,11.9825,101,0.0000
Dijkstra,13.4005,101,0.0000
Dijkstra,12.6936,103,0.0000
Dijkstra,12.7037,103,0.0000
Dijkstra,11.3976,103,0.0000
Dijkstra,11.5100,103,0.0000
Dijkstra,11.6878,101,0.0000
Dijkstra,12.0036,108,0.0000
Dijkstra,11.9995,103,0.0000
Dijkstra,12.0845,101,0.0000
Dijkstra,12.2007,108,0.0000
Dijkstra,11.8204,105,0.0000
Dijkstra,13.7862,108,0.0000
Dijkstra,11.2708,103,0.0000
Dijkstra,12.2230,101,0.0000
Dijkstra,13.1096,108,0.0000
Dijkstra,12.1124,108,0.0000
Dijkstra,11.8152,108,0.0000
Dijkstra,11.8817,108,0.0000
Dijkstra,14.2398,108,0.0000
Dijkstra,11.3088,101,0.0000
Dijkstra,12.7360,101,0.0000
Dijkstra,12.8674,108,0.0000
Dijkstra,13.7947,108,0.0000
Dijkstra,15.7249,108,0.0000
Dijkstra,13.1307,108,0.0000
Dijkstra,11.8695,105,0.0000
Dijkstra,11.1169,105,0.0000
Dijkstra,11.1140,103,0.0000
Dijkstra,12.0536,108,0.0000
Dijkstra,10.9879,101,0.0000
Dijkstra,11.1644,101,0.0000
Dijkstra,14.9201,108,0.0000
Dijkstra,13.2984,108,0.0000
Dijkstra,12.9775,108,0.0000
Dijkstra,14.7703,108,0.0000
Dijkstra,12.6759,101,0.0000
Dijkstra,12.2148,101,0.0000
Dijkstra,13.2109,101,0.0000
Dijkstra,12.7674,101,0.0000
Dijkstra,12.5582,105,0.0000
Dijkstra,14.1156,105,0.0000
Dijkstra,12.5952,103,0.0000
Dijkstra,13.7044,108,0.0000
Dijkstra,12.8045,108,0.0000
Dijkstra,14.8682,105,0.0000
Dijkstra,13.1927,105,0.0000
Dijkstra,13.3587,103,0.0000
Dijkstra,12.3461,103,0.0000
Dijkstra,13.1483,108,0.0000
Dijkstra,12.9666,103,0.0000
Dijkstra,12.5044,103,0.0000
Dijkstra,12.9414,108,0.0000
Dijkstra,12.2177,101,0.0000
Dijkstra,12.3096,101,0.0000
Dijkstra,12.5638,101,0.0000
Dijkstra,14.3683,101,0.0000
Dijkstra,13.3508,108,0.0000
Dijkstra,13.8091,104,0.0000
Dijkstra,12.2634,105,0.0000
Dijkstra,13.9990,105,0.0000
Dijkstra,12.2977,105,0.0000
Dijkstra,13.2967,103,0.0000
Dijkstra,20.5253,105,0.0000
Dijkstra,11.9497,105,0.0000
Dijkstra,11.9900,105,0.0000
Dijkstra,15.0308,103,0.0000
Dijkstra,13.8549,103,0.0000
Dijkstra,12.0809,103,0.0000
Dijkstra,14.3437,103,0.0000
Dijkstra,12.9222,105,0.0000
Dijkstra,13.6009,105,0.0000
Dijkstra,11.8709,108,0.0000
Dijkstra,11.1373,101,0.0000
Dijkstra,12.0891,103,0.0000
Dijkstra,12.6735,103,0.0000
Dijkstra,11.2596,105,0.0000
Dijkstra,11.9200,108,0.0000
Dijkstra,13.2765,103,0.0000
Dijkstra,13.4180,103,0.0000
Dijkstra,12.8835,103,0.0000
Dijkstra,12.8123,105,0.0000
Dijkstra,11.9339,103,0.0000
Dijkstra,14.9873,103,0.0000
Dijkstra,12.6463,105,0.0000
Dijkstra,12.3551,105,0.0000
Dijkstra,12.7722,103,0.0000
Dijkstra,12.8466,103,0.0000
Dijkstra,12.1020,101,0.0000
Dijkstra,13.7532,105,0.0000
Dijkstra,14.4398,105,0.0000
Dijkstra,13.1162,105,0.0000
Dijkstra,11.6365,103,0.0000
Dijkstra,12.6861,108,0.0000
Dijkstra,12.8938,101,0.0000
Dijkstra,12.6387,101,0.0000
Dijkstra,10.5912,101,0.0000
Dijkstra,11.5779,101,0.0000
Dijkstra,12.2786,101,0.0000
Dijkstra,12.1763,101,0.0000
Dijkstra,14.7437,108,0.0000
Dijkstra,14.8307,106,0.0000
Dijkstra,12.9781,103,0.0000
Dijkstra,13.6750,108,0.0000
Dijkstra,15.3084,108,0.0000
Dijkstra,12.2905,103,0.0000
Dijkstra,13.2152,105,0.0000
Dijkstra,11.5676,105,0.0000
Dijkstra,11.9805,101,0.0000
Dijkstra,13.3489,101,0.0000
Dijkstra,13.3135,108,0.0000
Dijkstra,12.3235,105,0.0000
Dijkstra,11.5242,101,0.0000
Dijkstra,11.5996,103,0.0000
Dijkstra,12.1807,103,0.0000
Dijkstra,11.5345,105,0.0000
Dijkstra,13.6383,105,0.0000
Dijkstra,12.1925,105,0.0000
Dijkstra,13.4316,105,0.0000
Dijkstra,13.9932,108,0.0000
Dijkstra,15.2173,103,0.0000
Dijkstra,14.3062,103,0.0000
Dijkstra,12.3594,103,0.0000
Dijkstra,13.7338,105,0.0000
Dijkstra,12.2575,101,0.0000
Dijkstra,13.8440,105,0.0000
Dijkstra,14.0063,105,0.0000
Dijkstra,13.0946,105,0.0000
Dijkstra,12.1947,108,0.0000
Dijkstra,12.2327,108,0.0000
Dijkstra,10.4856,101,0.0000
Dijkstra,10.7735,101,0.0000
Dijkstra,11.3624,103,0.0000
Dijkstra,12.9375,105,0.0000
Dijkstra,12.6489,108,0.0000
Dijkstra,13.7387,108,0.0000
Dijkstra,12.0668,101,0.0000
Dijkstra,13.2544,101,0.0000
Dijkstra,13.0900,108,0.0000
Dijkstra,10.9139,103,0.0000
Dijkstra,13.5494,105,0.0000
Dijkstra,11.6522,105,0.0000
Dijkstra,13.3774,101,0.0000
Dijkstra,14.7923,108,0.0000
Dijkstra,12.5650,103,0.0000
Dijkstra,11.7521,101,0.0000
Dijkstra,12.5844,101,0.0000
Dijkstra,12.5176,108,0.0000
Dijkstra,11.9898,103,0.0000
Dijkstra,12.6923,101,0.0000
Dijkstra,14.2390,105,0.0000
Dijkstra,13.7923,105,0.0000
Dijkstra,12.4058,108,0.0000
Dijkstra,14.3103,108,0.0000
Dijkstra,13.1703,102,0.0000
Dijkstra,11.6439,102,0.0000
Dijkstra,14.3085,108,0.0000
Dijkstra,13.8836,108,0.0000
Dijkstra,11.8583,101,0.0000
Dijkstra,11.7428,103,0.0000
Dijkstra,12.5139,105,0.0000
Dijkstra,13.8061,105,0.0000
Dijkstra,11.9488,101,0.0000
Dijkstra,12.1964,101,0.0000
Dijkstra,12.0181,108,0.0000
Dijkstra,12.7593,106,0.0000
Dijkstra,13.5639,103,0.0000
Dijkstra,11.4182,108,0.0000
Dijkstra,11.8973,108,0.0000
Dijkstra,14.4435,108,0.0000
Dijkstra,14.1448,108,0.0000
Dijkstra,12.0504,101,0.0000
Dijkstra,13.2581,101,0.0000
Dijkstra,10.5800,101,0.0000
Dijkstra,11.0502,103,0.0000
Dijkstra,11.2366,103,0.0000
Dijkstra,11.9344,108,0.0000
Dijkstra,11.4656,105,0.0000
Dijkstra,12.9520,101,0.0000
Dijkstra,12.5687,103,0.0000
Dijkstra,13.1190,101,0.0000
Dijkstra,13.3863,101,0.0000
Dijkstra,13.0842,108,0.0000
Dijkstra,14.1741,108,0.0000
Dijkstra,14.0089,108,0.0000
Dijkstra,13.6932,108,0.0000
Dijkstra,12.8235,105,0.0000
Dijkstra,13.7492,102,0.0000
Dijkstra,13.1853,105,0.0000
Dijkstra,13.7999,105,0.0000
Dijkstra,11.2779,103,0.0000
Dijkstra,12.4024,105,0.0000
Dijkstra,12.6011,105,0.0000
Dijkstra,11.9722,105,0.0000
Dijkstra,14.4555,103,0.0000
Dijkstra,15.7776,103,0.0000
Dijkstra,13.9982,108,0.0000
Dijkstra,13.4860,103,0.0000
Dijkstra,13.1905,103,0.0000
Dijkstra,11.7600,103,0.0000
Dijkstra,12.1716,105,0.0000
Dijkstra,13.1781,105,0.0000
Dijkstra,13.7518,108,0.0000
Dijkstra,13.1202,103,0.0000
Dijkstra,12.3313,103,0.0000
Dijkstra,12.3098,103,0.0000
Dijkstra,12.9998,105,0.0000
Dijkstra,14.2624,103,0.0000
Dijkstra,14.9771,108,0.0000
Dijkstra,11.8244,101,0.0000
Dijkstra,11.0363,101,0.0000
Dijkstra,11.1347,103,0.0000
Dijkstra,10.4591,105,0.0000
Dijkstra,11.8776,105,0.0000
Dijkstra,296.8360,25420,10.8409
Dijkstra,227.1486,18003,12.0581
Dijkstra,158.7491,13533,12.0581
Dijkstra,148.3130,13057,11.9581
Dijkstra,155.2809,13415,12.0581
Dijkstra,152.8575,12787,11.8167
Dijkstra,143.9475,12028,11.7167
Dijkstra,127.1010,10930,11.7167
Dijkstra,109.8377,9527,11.5752
Dijkstra,105.7849,9054,11.5338
Dijkstra,104.7555,8356,11.8024
Dijkstra,93.6262,8196,12.1125
Dijkstra,91.6889,8006,12.4225
Dijkstra,95.9132,8051,12.2397
Dijkstra,91.9824,8047,12.1397
Dijkstra,92.0299,8022,12.0983
Dijkstra,93.8692,7996,11.9983
Dijkstra,89.8655,7977,11.6811
Dijkstra,99.5677,7988,11.5811
Dijkstra,92.0356,8113,11.4811
Dijkstra,99.1705,8111,11.3811
Dijkstra,97.3941,8033,11.2397
Dijkstra,91.9084,8050,11.1397
Dijkstra,93.1072,8028,11.0397
Dijkstra,92.7224,8036,10.8983
Dijkstra,99.9950,8064,10.7983
Dijkstra,91.2543,7890,10.6983
Dijkstra,95.2154,7737,10.4983
Dijkstra,98.2561,7528,10.3983
Dijkstra,86.3229,7492,10.2983
Dijkstra,83.4395,7365,10.1983
Dijkstra,83.9612,7269,10.0983
Dijkstra,85.3928,7209,9.9983
Dijkstra,87.8083,7127,9.7569
Dijkstra,86.6928,7064,9.6569
Dijkstra,80.4972,7021,9.5569
Dijkstra,80.6766,6985,9.4569
Dijkstra,77.9459,6882,9.3569
Dijkstra,79.6986,6830,9.2569
Dijkstra,89.5219,6731,9.1569
Dijkstra,79.3663,6774,9.0983
Dijkstra,84.0705,6785,8.9569
Dijkstra,67.7674,6008,8.8569
Dijkstra,61.4895,5388,8.7154
Dijkstra,63.8195,5366,8.6154
Dijkstra,60.5335,5269,8.4740
Dijkstra,63.7056,5281,8.3740
Dijkstra,60.2701,5306,8.2326
Dijkstra,63.0058,5301,8.1326
Dijkstra,59.7579,5161,7.9912
Dijkstra,58.3743,5177,7.8912
Dijkstra,63.3159,5469,8.0326
Dijkstra,64.3994,5583,8.0740
Dijkstra,70.2183,5743,8.1154
Dijkstra,71.4219,5794,8.2870
Dijkstra,72.1030,5784,8.1870
Dijkstra,74.9410,6162,8.3042
Dijkstra,73.7586,6357,8.3456
Dijkstra,96.5121,6771,8.5284
Dijkstra,79.6242,7154,8.6698
Dijkstra,88.4647,7744,8.8113
Dijkstra,97.3432,8266,9.0941
Dijkstra,112.2804,8706,9.2355
Dijkstra,115.3708,9383,9.3770
Dijkstra,108.1606,9819,9.5184
Dijkstra,135.9064,10674,9.7184
Dijkstra,124.0579,10851,9.7698
Dijkstra,122.8553,10613,9.6698
Dijkstra,131.6208,11000,9.6698
Dijkstra,108.0784,8860,10.2770
Dijkstra,104.2575,8873,10.1770
Dijkstra,101.1256,8439,10.0355
Dijkstra,96.1269,8118,9.9355
Dijkstra,95.9695,8038,9.7355
Dijkstra,94.3035,8020,9.6355
Dijkstra,101.6013,7959,9.5355
Dijkstra,93.7101,7844,9.4355
Dijkstra,90.7626,7666,9.3355
Dijkstra,90.2204,7579,8.8770
Dijkstra,89.7783,7549,8.8770
Dijkstra,88.3906,7646,8.6770
Dijkstra,89.8205,7393,8.5355
Dijkstra,89.8793,7379,8.5355
